hash,buggy_sha,tree,backport,buggy_tag,root cause,Trigger condition,discover,afterfix,consequence,visibility,Note (conseqeuce),Note (trigger),,discovery,hardware,
956dfda6a70885f18c0f8236a461aa2bc4f556ad,e1fad12dcb66,master,,v6.18,semantic(maintain in-memory data structure wrong cfs tree list etc),"Property change (per cgroup), Thread Behavior",User reported or In-production,comment,Functionality (CFS bandwidth),Warning,Trigger throttle in unthrottle path (tasks in a cgroup in a mixed state) ,throttled task migrate to another cgroup without tasks but with quota and not throttled.,,,,
0e4a169d1a2b630c607416d9e3739d80e176ed67,e1fad12dcb66,master,,v6.18,semantic(maintain in-memory data structure wrong cfs tree list etc),"Property change (per cgroup), Thread Behavior",User reported or In-production,"comment, warning"," ""Performance (Policy violation, balance, work conserving)"", ""Performance (Policy violation, cpufreq control)"", ""Performance (Policy violation, fairness)""",Warning,loss of integrity of the leaf cfs_rq,,add an assert,,,
17e3e88ed0b6318fde0d1c14df1a804711cab1b5,67692435c411,master;linux-6.12.y;linux-6.6.y;linux-6.1.y;linux-5.15.y;linux-5.10.y;linux-5.4.y,linux-6.12.y;linux-6.6.y;linux-6.1.y;linux-5.15.y;linux-5.10.y;linux-5.4.y,v5.4,semantic(incorrect update stats),"Thread Behavior, multiple sched class",Code Review or Internal Debug,comment,"""Performance (Policy violation, balance, work conserving)"", ""Performance (Policy violation, cpufreq control)"", ""Performance (Policy violation, fairness)""",None,,,,,,
ee6e44dfe6e50b4a5df853d933a96bdff5309e6e,4ae8d9aa9f9d,master,,v6.17,semantic(incorrect logic implementation making decision  update attr managetimer etc),"Hotplug/Hotunplug, Thread Behavior, Special topology (other)",Customizied test,warning,Functionality (hotplug),Warning,hotplug doesn't stop all timer on it,,add a warning,IBM CI tool,IBM Power9 / Samsung Exynos SoC,
a3a70caf7906708bf9bbc80018752a6b36543808,cccb45d7c4295,master,,v6.17,semantic(incorrect logic implementation making decision  update attr managetimer etc),"Thread Behavior, multiple sched class",Benchmark/stress test regression,comment,"""Performance (Policy violation, balance, work conserving)"", ""Performance (Policy violation, fairness)""",None,"cpu idle for 1 second, after dl server idle",,,,,
4ae8d9aa9f9dc7137ea5e564d79c5aa5af1bc45c,cccb45d7c4295,master,,v6.17,semantic(incorrect logic implementation making decision  update attr managetimer etc),"Thread Behavior, multiple sched class",Benchmark/stress test/standard test fail,no action,lockup / hang,Panic,,,,locktorture,,
5ebf512f335053a42482ebff91e46c6dc156bf8c,cd7f55359c90,master;linux-6.12.y;linux-6.6.y,linux-6.12.y;linux-6.6.y,v6.3,memory,"Special topology (numa), Kthread Behavior",Other kernel subsystem behavior,no action,Crash,Panic,,,,,,
e67e3e738f088e6c5ccfab618a29318a3f08db41,b7ca5743a260,linux-6.12.y,linux-6.12.y,v6.16,semantic(incorrect update stats),"Thread Behavior, Property change (per cgroup)",Customizied test,no action,"Functionality (response error), Functionality (task state change failure)",None,wait_task_inactive cannot return true for a delayed dequeue task,,,,,
52d15521eb75f9b521744db675bee61025d2fa52,63ba8422f876,master,,v6.8,semantic(incorrect update stats),"Hotplug/Hotunplug, Thread Behavior",User reported or In-production,no action,lockup / hang,Panic,,,,,,
421fc59cf58c64f898cafbbbbda0bc705837e7df,63ba8422f876,master,,v6.8,semantic(incorrect logic implementation making decision  update attr managetimer etc),"Thread Behavior, multiple sched class",User reported or In-production,no action,Functionality (starvation),Warning,,,,,,
bb4700adc3abec34c0a38b64f66258e4e233fc16,cccb45d7c4295,master,,v6.17,semantic(incorrect logic implementation making decision  update attr managetimer etc),"Thread Behavior, Property change (per thread), multiple sched class",User reported or In-production,tracepoint,Functionality (Deadline enforce / admission control),None,,,,,,
4717432dfd99bbd015b6782adca216c6f9340038,cccb45d7c429,master,,v6.17,semantic(incorrect logic implementation making decision  update attr managetimer etc),Thread Behavior,Code Review or Internal Debug,no action,"""Performance (Policy violation, sched overhead)""",None,go through the throttle path again unnecessary,,,,,
fcc9276c4d331cd1fe9319d793e80b02e09727f5,2ff899e351643,master,,v6.15,semantic(incorrect update stats),"Hotplug/Hotunplug, Thread Behavior",Benchmark/stress test regression,comment,"Functionality (Deadline enforce / admission control), ""Performance (Policy violation, balance, work conserving)""",None,dl.extra_bw not reset when reconstructing sched domain,,,,,
9f239df55546ee1d28f0976130136ffd1cad0fd7,d741f297bceaf,master,,v6.12,semantic(incorrect update stats),Boot,User reported or In-production,no action,"Functionality (Deadline enforce / admission control), ""Performance (Policy violation, balance, work conserving)""",None,dl.extra_bw not accurate during boot the machine,,,,,
36569780b0d64de283f9d6c2195fd1a43e221ee8,e6fe3f422be1,master;linux-6.12.y;linux-6.6.y;linux-6.1.y;linux-5.15.y,linux-6.12.y;linux-6.6.y;linux-6.1.y;linux-5.15.y,v5.14,semantic(generic wrong type integer overflow etc),Thread Behavior,Code Review or Internal Debug,no action,"""Performance (Policy violation, balance, work conserving)"", ""Performance (Policy violation, cpufreq control)"", ""Performance (Policy violation, fairness)""",None,load average is not accurate as the overflow of nr_uninterruptible,Over months/years or under heavy I/O,,,,
db6cc3f4ac2e6cdc898fc9cbc8b32ae1bf56bdad,ad6b26b6a0a7,master,,v6.16,concurrency,"Special topology (numa), Thread Behavior",Benchmark/stress test/standard test fail,no action,Crash,Panic,null pointer during accounting due to a race ,,,,,
cccb45d7c4295bbfeba616582d0249f2d21e6df5,557a6bfc662c,master,,v6.12,semantic(incorrect logic implementation making decision  update attr managetimer etc),Thread Behavior,Benchmark/stress test regression,no action,"""Performance (Policy violation, sched overhead)""",None,,,,significant dip in his favourite benchmark of the day,,
fc975cfb36393db1db517fbbe366e550bcdcff14,a110a81c52a9,master;linux-6.12.y,linux-6.12.y,v6.12,semantic(incorrect update stats),"Special topology (asym cpu), Thread Behavior, multiple sched class",Customizied test,no action,"""Performance (Policy violation, fairness)"", ""Performance (Policy violation, impact from lower priority task)""",None,cpu allocation between ,,,,a big.LITTLE system,
009836b4fa52f92cba33618e773b1094affa8cd2,2558aacff858,master;linux-6.12.y,linux-6.12.y,v5.11,concurrency,"Special topology (numa), Hotplug/Hotunplug, Thread Behavior",User reported or In-production,no action,"Functionality (task state change failure), Crash",Panic,list is not maintained well,race,,,,
3ebb1b6522392f64902b4e96954e35927354aa27,8bdc5daaa01e,master,,v6.15,semantic(incorrect logic implementation making decision  update attr managetimer etc),Property change (per system),Code Review or Internal Debug,no action,Functionality (Trace or account),None,,,,,,
aa3ee4f0b7541382c9f6f43f7408d73a5d4f4042,152e11f6df29,master;linux-6.12.y,linux-6.12.y,v6.12,semantic(incorrect logic implementation making decision  update attr managetimer etc),"Kthread Behavior, Thread Behavior",Code Review or Internal Debug,no action,"""Performance (Policy violation, locality)""",None,,,,,,
b7ca5743a2604156d6083b88cefacef983f3a3a6,152e11f6df29,master;linux-6.12.y,linux-6.12.y,v6.12,semantic(incorrect logic implementation making decision  update attr managetimer etc),"Thread Behavior, Kthread Behavior",User reported or In-production,comment,Functionality (response error),None,,,,,,
bbce3de72be56e4b5f68924b7da9630cc89aa1a8,aef6987d8954,master;linux-6.12.y,linux-6.12.y,v6.12,semantic(generic wrong type integer overflow etc),"Thread Behavior, Property change (per cgroup)",User reported or In-production,no action,"Crash, Functionality (starvation)",Panic,,,,,,
79443a7e9da3c9f68290a8653837e23aba0fa89f,600f5badb78c,master;linux-6.12.y;linux-6.6.y;linux-6.1.y;linux-5.15.y;linux-5.10.y;linux-5.4.y,linux-6.12.y;linux-6.6.y;linux-6.1.y;linux-5.15.y;linux-5.10.y;linux-5.4.y,v5.3,concurrency,Property change (per system),Code Review or Internal Debug,comment,"""Performance (Policy violation, cpufreq control)""",None,,,,,,
cfde542df7dd51d26cf667f4af497878ddffd85a,8e461a1cb43d,master;linux-6.12.y;linux-6.6.y;linux-6.1.y;linux-5.15.y;linux-5.10.y,linux-6.12.y;linux-6.6.y;linux-6.1.y;linux-5.15.y;linux-5.10.y,v6.14,semantic(incorrect logic implementation making decision  update attr managetimer etc),Property change (per system),Code Review or Internal Debug,comment,"""Performance (Policy violation, cpufreq control)""",None,,,,,,
c70fc32f44431bb30f9025ce753ba8be25acbba3,6d71a9c61604,master,,v6.13,semantic(incorrect update stats),"Thread Behavior, Property change (per thread)",Code Review or Internal Debug,no action,"""Performance (Policy violation, fairness)"", ""Performance (Policy violation, balance, work conserving)""",None,,,,,,
8feb053d53194382fcfb68231296fdc220497ea6,fa2c3254d7cf,master;linux-6.12.y,linux-6.12.y,v5.18,semantic(incorrect logic implementation making decision  update attr managetimer etc),Thread Behavior,User reported or In-production,no action,Functionality (Trace or account),None,,,,,,
2ff899e3516437354204423ef0a94994717b8e6a,53916d5fd3c0,master,,v6.14,semantic(incorrect update stats),"Thread Behavior, Hotplug/Hotunplug",User reported or In-production,comment,Functionality (Deadline enforce / admission control),None,,,,,,
f6147af176eaa4027b692fdbb1a0a60dfaa1e9b6,53916d5fd3c0,master,,v6.14,semantic(incorrect logic implementation making decision  update attr managetimer etc),"Kthread Behavior, Hotplug/Hotunplug",User reported or In-production,no action,Functionality (Deadline enforce / admission control),None,,,,,,
f3fa0e40df175acd60b71036b9a1fd62310aec03,8722903cbb8f,master,,v6.14,semantic(generic wrong type integer overflow etc),"Thread Behavior, Kernel/driver Event",User reported or In-production,no action,lockup / hang,Panic,potential lockup as sleep in an atomic context,,,,,
3b4035ddbfc8e4521f85569998a7569668cccf51,fdaba61ef8a2,master;linux-6.12.y;linux-6.6.y;linux-6.1.y;linux-5.15.y,linux-6.12.y;linux-6.6.y;linux-6.1.y;linux-5.15.y,v5.13,semantic(maintain in-memory data structure wrong cfs tree list etc),Thread Behavior,Code Review or Internal Debug,no action,"Functionality (CFS bandwidth), ""Performance (Policy violation, fairness)""",None,leaf_cfs_rq_list,,,,,
02d954c0fdf91845169cdacc7405b120f90afe01,7e019dcc470f,master,,v6.13,semantic(incorrect update stats),"Thread Behavior, Property change (per thread)",Benchmark/stress test regression,"unit test, comment","""Performance (Policy violation, locality)""",None,unit test is about cid,,,,,
563bc2161b94571ea425bbe2cf69fd38e24cdedf,aef6987d8954,master;linux-6.12.y,linux-6.12.y,v6.12,semantic(incorrect update stats),"Property change (per cgroup), Thread Behavior",Code Review or Internal Debug,no action,"""Performance (Policy violation, fairness)""",None,,,,,,
f553741ac8c0e467a3b873e305f34b902e50b86d,63304558ba5d,master;linux-6.12.y,linux-6.12.y,v6.6,semantic(incorrect logic implementation making decision  update attr managetimer etc),"Property change (per thread), Thread Behavior, multiple sched class",Code Review or Internal Debug,comment,"""Performance (Policy violation, impact from lower priority task)""",None,,,,,,
3429dd57f0deb1a602c2624a1dd7c4c11b6c4734,76f2f783294d,master;linux-6.12.y,linux-6.12.y,v6.13,semantic(incorrect update stats),"Thread Behavior, Property change (per cgroup)",Benchmark/stress test regression,comment,No impact (self correcting),None,,,,,,
5d808c78d97251af1d3a3e4f253e7d6c39fd871e,d95f41220065,master;linux-6.12.y,linux-6.12.y,v2.6.39,concurrency,Thread Behavior,User reported or In-production,no action,Functionality (task state change failure),Warning,blocking task remain on rq,race,,,,
66951e4860d3c688bfa550ea4a19635b57e00eca,152e11f6df29,master;linux-6.12.y,linux-6.12.y,v6.12,semantic(incorrect update stats),"Thread Behavior, Property change (per cgroup)",Code Review or Internal Debug,comment,"""Performance (Policy violation, fairness)""",None,,,,,,
6d71a9c6160479899ee744d2c6d6602a191deb1f,eab03c23c2a1,master,,v6.7,semantic(incorrect update stats),"Thread Behavior, Property change (per cgroup)",User reported or In-production,comment,"""Performance (Policy violation, fairness)""",None,,turbostat,,,,
a430d99e349026d53e2557b7b22bd2ebd61fe12a,d31980846f96,master;linux-6.12.y;linux-6.6.y;linux-6.1.y;linux-5.15.y,linux-6.12.y;linux-6.6.y;linux-6.1.y;linux-5.15.y,v3.10,semantic(incorrect update stats),Thread Behavior,User reported or In-production,tracepoint,Functionality (Trace or account),None,,,,,,
8e461a1cb43d69d2fc8a97e61916dce571e6bb31,600f5badb78c,master;linux-6.12.y;linux-6.6.y;linux-6.1.y;linux-5.15.y;linux-5.10.y,linux-6.12.y;linux-6.6.y;linux-6.1.y;linux-5.15.y;linux-5.10.y,v5.3,semantic(incorrect logic implementation making decision  update attr managetimer etc),"Thread Behavior, Kernel/driver Event",Benchmark/stress test regression,no action,"""Performance (Policy violation, cpufreq control)""",None,,,,,,
c7f7e9c73178e0e342486fd31e7f363ef60e3f83,a110a81c52a9,master;linux-6.12.y,linux-6.12.y,v6.12,semantic(incorrect update stats),"multiple sched class, Thread Behavior",Code Review or Internal Debug,comment,"""Performance (Policy violation, fairness)""",None,,,,,,
b53127db1dbf7f1047cf35c10922d801dcd40324,63ba8422f876,master;linux-6.12.y,linux-6.12.y,v6.8,concurrency,"Thread Behavior, multiple sched class",User reported or In-production,comment,Functionality (Deadline enforce / admission control),None,,,,,,
76f2f783294d7d55c2564e2dfb0a7279ba0bc264,fc1892becd56,master;linux-6.12.y,linux-6.12.y,v6.12,semantic(incorrect update stats),Thread Behavior,Code Review or Internal Debug,no action,"""Performance (Policy violation, balance, work conserving)"", ""Performance (Policy violation, fairness)""",None,,,,,,
c1f43c342e1f2e32f0620bf2e972e2a9ea0a1e60,11cc374f4643b,master;linux-6.12.y,linux-6.12.y,v6.12,semantic(incorrect logic implementation making decision  update attr managetimer etc),"Thread Behavior, Property change (per cgroup)",Code Review or Internal Debug,no action,Functionality (starvation),None,,,,,,
493afbd187c4c9cc1642792c0d9ba400c3d6d90d,152e11f6df29,master;linux-6.12.y,linux-6.12.y,v6.12,semantic(incorrect update stats),Thread Behavior,Benchmark/stress test/standard test fail,no action,Crash,Panic,,,,,,
5f1b64e9a9b7ee9cfd32c6b2fab796e29bfed075,ef6a22b70f6d,master;linux-6.12.y;linux-6.6.y,linux-6.12.y;linux-6.6.y,v6.4,memory,"Thread Behavior, Special topology (numa)",Benchmark/stress test regression,no action,Memory Leak,None,,,,,,
0664e2c311b9fa43b33e3e81429cd0c2d7f9c638,295d6d5e3736,master;linux-6.12.y;linux-6.6.y,linux-6.12.y;linux-6.6.y,v4.15,semantic(incorrect logic implementation making decision  update attr managetimer etc),"Thread Behavior, multiple sched class",Benchmark/stress test/standard test fail,no action,Functionality (Deadline enforce / admission control),Warning,,,,,,
e932c4ab38f072ce5894b2851fea8bc5754bb8e5,b2a02fc43a1f,master;linux-6.12.y;linux-6.6.y;linux-6.1.y;linux-5.15.y;linux-5.10.y,linux-6.12.y;linux-6.6.y;linux-6.1.y;linux-5.15.y;linux-5.10.y,v5.8,semantic(incorrect logic implementation making decision  update attr managetimer etc),"Kernel/driver Event, Thread Behavior",Customizied test,no action,"""Performance (Policy violation, sched overhead)""",None,unnecessary wakeup softirq,,,,,
ff47a0acfcce309cf9e175149c75614491953c8f,b2a02fc43a1f,master;linux-6.12.y;linux-6.6.y;linux-6.1.y;linux-5.15.y;linux-5.10.y,linux-6.12.y;linux-6.6.y;linux-6.1.y;linux-5.15.y;linux-5.10.y,v5.8,semantic(incorrect logic implementation making decision  update attr managetimer etc),"Kernel/driver Event, Thread Behavior",Code Review or Internal Debug,no action,"""Performance (Policy violation, sched overhead)""",None,,,,,,
ea9cffc0a154124821531991d5afdd7e8b20d7aa,b2a02fc43a1f,master;linux-6.12.y;linux-6.6.y;linux-6.1.y;linux-5.15.y;linux-5.10.y,linux-6.12.y;linux-6.6.y;linux-6.1.y;linux-5.15.y;linux-5.10.y,v5.8,semantic(incorrect logic implementation making decision  update attr managetimer etc),"Thread Behavior, Kthread Behavior",Customizied test,no action,No impact (unnecessary check or warning),None,ipi,,,,,
70ee7947a29029736a1a06c73a48ff37674a851b,8f9ea86fdf99b,master;linux-6.12.y,linux-6.12.y,v6.2,concurrency,"Thread Behavior, Property change (per thread)",Customizied test,no action,No impact (unnecessary check or warning),None,,,,,,
22368fe1f9bbf39db2b5b52859589883273e80ce,a110a81c52a9,master;linux-6.12.y,linux-6.12.y,v6.12,semantic(generic wrong type integer overflow etc),Thread Behavior,Code Review or Internal Debug,no action,No impact (coding rule),None,& v.s. &&,,,,,
70d8b6485b0bcd135b6699fc4252d2272818d1fb,e7a1b32e43b1,master;linux-6.12.y,linux-6.12.y,v6.7,semantic(incorrect logic implementation making decision  update attr managetimer etc),Boot,User reported or In-production,no action,"""Performance (energy efficiency, capacity fit)""",None,,,,,,
9c70b2a33cd2aa6a5a59c5523ef053bd42265209,214dbc428137,master;linux-6.12.y;linux-6.6.y,linux-6.6.y,v6.3,memory,"Special topology (numa), Thread Behavior",Benchmark/stress test regression,no action,Crash,None,,,,,,
b55945c500c5723992504aa03b362fab416863a6,152e11f6df29,master;linux-6.12.y,,v6.12,concurrency,Thread Behavior,Fuzz,comment," ""Performance (Policy violation, sched overhead)""",Warning,may cause unnecessary migration,conccurent write on_rq,,,,
cd9626e9ebc77edec33023fe95dab4b04ffc819d,152e11f6df29,master;linux-6.12.y,,v6.12,semantic(incorrect logic implementation making decision  update attr managetimer etc),"KVM, Kernel/driver Event, Thread Behavior",User reported or In-production,comment,Functionality (response error),None,,,,,,
f5aaff7bfa11fb0b2ee6b8fd7bbc16cfceea2ad3,152e11f6df29,master;linux-6.12.y,,v6.12,semantic(incorrect update stats),Thread Behavior,User reported or In-production,no action,Functionality (Trace or account),Warning,,,,,,
73ab05aa46b02d96509cb029a8d04fca7bbde8c7,223baf9d17f2,master;linux-6.12.y;linux-6.6.y,linux-6.6.y,v6.4,concurrency,Thread Behavior,Customizied test,comment,lockup / hang,Panic,,,,,,
d16b7eb6f523eeac3cff13001ef2a59cd462aa73,63ba8422f876,master;linux-6.12.y,,v6.8,semantic(incorrect logic implementation making decision  update attr managetimer etc),"special config, Thread Behavior",Code Review or Internal Debug,no action,Functionality (config / feature not enabled/disabled),None,,,,,,
d4ac164bde7a12ec0a238a7ead5aa26819bbb1c1,85e511df3cec,master;linux-6.12.y,,v6.12,semantic(incorrect logic implementation making decision  update attr managetimer etc),"Thread Behavior, multiple sched class",Benchmark/stress test regression,no action,"""Performance (Policy violation, sched overhead)""",None,overschedule,,,,,
9b5ce1a37e904fac32d560668134965f4e937f6c,152e11f6df29,master;linux-6.12.y,,v6.12,semantic(maintain in-memory data structure wrong cfs tree list etc),"Thread Behavior, Property change (per cgroup)",Benchmark/stress test/standard test fail,comment,Crash,Panic,,,,,,
c662e2b1e8cfc3b6329704dab06051f8c3ec2993,152e11f6df29,master;linux-6.12.y,,v6.12,semantic(maintain in-memory data structure wrong cfs tree list etc),Thread Behavior,Code Review or Internal Debug,no action,"""Performance (Policy violation, sched overhead)""",None,,,,,,
84d265281d6cea65353fc24146280e0d86ac50cb,97450eb90965,master;linux-6.12.y,,v6.10,semantic(incorrect update stats),Thread Behavior,Code Review or Internal Debug,no action,"""Performance (Policy violation, balance, work conserving)"", ""Performance (Policy violation, cpufreq control)"", ""Performance (Policy violation, fairness)""",None,,,,,,
f22cde4371f3c624e947a35b075c06c771442a43,fc137c0ddab2,master;linux-6.12.y;linux-6.6.y,linux-6.6.y,v6.4,semantic(incorrect update stats),"Special topology (numa), Thread Behavior",Benchmark/stress test regression,comment,"""Performance (Policy violation, balance, work conserving)"", ""Performance (Policy violation, fairness)""",None,,,,,SPECcpu omnetpp_r on a 320 CPUs/2 Sockets system,
75b6499024a6c1a4ef0288f280534a5c54269076,2e0199df252a,master;linux-6.12.y,,v6.12,semantic(incorrect update stats),"Property change (per thread), Thread Behavior",Code Review or Internal Debug,comment,Functionality (property change fail),None,,,,,,
9c602adb799e72ee537c0c7ca7e828c3fe2acad6,63ba8422f876,master;linux-6.12.y,,v6.8,semantic(incorrect update stats),Thread Behavior,User reported or In-production,no action,Functionality (Trace or account),None,,,,,,
faa42d29419def58d3c3e5b14ad4037f0af3b496,304000390f88,master;linux-6.12.y;linux-6.6.y,linux-6.6.y,v5.15,semantic(incorrect logic implementation making decision  update attr managetimer etc),"multiple sched class, Property change (per cgroup), Thread Behavior",Code Review or Internal Debug,comment,"""Performance (Policy violation, impact from lower priority task)""",None,,,,,,
fe7a11c78d2a9bdb8b50afc278a31ac177000948,120455c514f7,master;linux-6.12.y;linux-6.6.y,linux-6.6.y,v5.11,semantic(incorrect logic implementation making decision  update attr managetimer etc),"Thread Behavior, Hotplug/Hotunplug",Code Review or Internal Debug,no action,Functionality (hotplug),None,,,,,,
77baa5bafcbe1b2a15ef9c37232c21279c95481c,3dc167ba5729,master;linux-6.12.y;linux-6.6.y;linux-6.1.y;linux-5.15.y;linux-5.10.y,linux-6.6.y;linux-6.1.y;linux-5.15.y;linux-5.10.y,v5.9,semantic(generic wrong type integer overflow etc),Thread Behavior,Customizied test,comment,Functionality (Trace or account),None,,,,,,
d329605287020c3d1c3b0dadc63d8208e7251382,9059393e4ec1,master;linux-6.12.y;linux-6.6.y;linux-6.1.y;linux-5.15.y;linux-5.10.y,linux-6.6.y;linux-6.1.y;linux-5.15.y;linux-5.10.y,v4.15,semantic(incorrect update stats),"Thread Behavior, Property change (per thread)",Code Review or Internal Debug,no action,"""Performance (Policy violation, fairness)""",None,,,,,,
b58652db66c910c2245f5bee7deca41c12d707b9,feff2e65efd8,master;linux-6.12.y,,v5.10,memory,Thread Behavior,Benchmark/stress test regression,comment,Memory Leak,None,,,,,,
2feab2492deb2f14f9675dd6388e9e2bf669c27a,b0defa7ae03e,master;linux-6.12.y;linux-6.6.y;linux-6.1.y,linux-6.6.y;linux-6.1.y,v6.1,semantic(incorrect logic implementation making decision  update attr managetimer etc),"Thread Behavior, Property change (per thread)",Customizied test,comment,"security vulnerability, ""Performance (Policy violation, sched overhead)""",None,,,,,,
49217ea147df7647cb89161b805c797487783fc0,f4183717b370,master;linux-6.12.y;linux-6.6.y;linux-6.1.y;linux-5.15.y,linux-6.6.y;linux-6.1.y;linux-5.15.y,v5.14,semantic(incorrect update stats),"Thread Behavior, Property change (per cgroup)",Customizied test,no action,Functionality (property change fail),None,,,,,,
a1fd0b9d751f840df23ef0e75b691fc00cfd4743,1d3504fcf560,master;linux-6.12.y;linux-6.6.y;linux-6.1.y;linux-5.15.y;linux-5.10.y;linux-5.4.y,linux-6.6.y;linux-6.1.y;linux-5.15.y;linux-5.10.y;linux-5.4.y,v2.6.26,semantic(incorrect logic implementation making decision  update attr managetimer etc),"Property change (per system), Thread Behavior",Customizied test,no action,Functionality (config / feature not enabled/disabled),None,,,,,,
5097cbcb38e6e0d2627c9dde1985e91d2c9f880e,aae17ebb53cd,master;linux-6.12.y,,v6.9,semantic(incorrect logic implementation making decision  update attr managetimer etc),Boot,User reported or In-production,"comment, document, warning",Crash,Panic,,,,,,
cd18bec668bb6221a54f03d0b645b7aed841f825,4475cd8bfd9b,master;linux-6.12.y,,v6.10,semantic(incorrect logic implementation making decision  update attr managetimer etc),Thread Behavior,Code Review or Internal Debug,no action,"""Performance (Policy violation, fairness)"", ""Performance (Policy violation, balance, work conserving)""",None,,,,,,
1560d1f6eb6b398bddd80c16676776c0325fe5fe,eab03c23c2a1,master;linux-6.12.y;linux-6.6.y,linux-6.6.y,v6.7,semantic(generic wrong type integer overflow etc),"Thread Behavior, Property change (per thread)",Benchmark/stress test regression,no action,"""Performance (Policy violation, fairness)"", Crash",None,,,,,,
afae8002b4fd3560c8f5f1567f3c3202c30a70fa,eab03c23c2a1,master;linux-6.12.y;linux-6.6.y,linux-6.6.y,v6.7,semantic(incorrect update stats),"Thread Behavior, Property change (per thread)",Code Review or Internal Debug,no action,"""Performance (Policy violation, fairness)""",None,,,,,,
11b1b8bc2b98e21ddf47e08b56c21502c685b2c3,eab03c23c2a1,master;linux-6.12.y;linux-6.6.y,linux-6.6.y,v6.7,semantic(incorrect update stats),"Thread Behavior, Property change (per thread)",Code Review or Internal Debug,no action,"""Performance (Policy violation, fairness)""",None,,,,,,
be3a51e68f2f1b17250ce40d8872c7645b7a2991,2802bf3cd936,master;linux-6.12.y;linux-6.6.y;linux-6.1.y;linux-5.15.y,linux-6.6.y;linux-6.1.y;linux-5.15.y,v5.0,semantic(incorrect logic implementation making decision  update attr managetimer etc),"Thread Behavior, Property change (per thread)",User reported or In-production,comment,"""Performance (Policy violation, sched overhead)""",None,,,,,,
23d04d8c6b8ec339057264659b7834027f3e6a63,9fe1f127b913,master;linux-6.12.y;linux-6.6.y;linux-6.1.y;linux-5.15.y,linux-6.6.y;linux-6.1.y;linux-5.15.y,v5.12,semantic(incorrect logic implementation making decision  update attr managetimer etc),"Property change (per system), Thread Behavior",Code Review or Internal Debug,no action,"""Functionality (cpu allowed, or cpuiso)""",None,,,,,,
8aeaffef8c6eceab0e1498486fdd4f3dc3b7066c,3e6efe87cd5c,master;linux-6.12.y;linux-6.6.y;linux-6.1.y,linux-6.6.y;linux-6.1.y,v6.1,semantic(incorrect logic implementation making decision  update attr managetimer etc),"Thread Behavior, Property change (per system)",Code Review or Internal Debug,no action,"""Functionality (cpu allowed, or cpuiso)""",None,,,,,,
e37617c8e53a1f7fcba6d5e1041f4fd8a2425c27,9c0b4bb7f630,master;linux-6.12.y;linux-6.6.y,linux-6.6.y,v6.8,semantic(incorrect logic implementation making decision  update attr managetimer etc),"Thread Behavior, Property change (per system)",User reported or In-production,comment,"""Performance (Policy violation, cpufreq control)""",None,,,,,AMD Ryzen system,
5068d84054b766efe7c6202fc71b2350d1c326f1,eab03c23c2a1,master;linux-6.12.y;linux-6.6.y,linux-6.6.y,v6.7,semantic(incorrect update stats),"Thread Behavior, Property change (per thread)",Code Review or Internal Debug,comment,"""Performance (Policy violation, fairness)""",None,,,,,,
6d7e4782bcf549221b4ccfffec2cf4d1a473f1a3,b1bfeab9b002,master;linux-6.12.y;linux-6.6.y,linux-6.6.y,v6.6,semantic(incorrect logic implementation making decision  update attr managetimer etc),Thread Behavior,Customizied test,comment,"""Performance (Policy violation, sched overhead)""",None,,,,,,
eab03c23c2a162085b13200d7942fc5a00b5ccc8,147f3efaa241,master;linux-6.12.y;linux-6.6.y,linux-6.6.y,v6.6,semantic(incorrect update stats),"Thread Behavior, Property change (per thread)",Code Review or Internal Debug,comment,"""Performance (Policy violation, fairness)""",None,,,,,,
5ebde09d91707a4a9bec1e3d213e3c12ffde348f,ebb83d84e49b,master;linux-6.12.y;linux-6.6.y,linux-6.6.y,v6.5,memory,"Thread Behavior, Property change (per cgroup)",User reported or In-production,no action,Memory Leak,Warning,,,,,,
d2929762cc3f85528b0ca12f6f63c2a714f24778,8dafa9d0eb1a,master;linux-6.12.y;linux-6.6.y,,v6.6,semantic(maintain in-memory data structure wrong cfs tree list etc),Thread Behavior,Fuzz,no action,Functionality (task state change failure),Warning,,,,,,
f0498d2a54e7966ce23cd7c7ff42c64fa0059b07,6d337eab041d,master;linux-6.12.y;linux-6.6.y;linux-6.1.y;linux-5.15.y,linux-6.6.y;linux-6.1.y;linux-5.15.y,v5.11,concurrency,"Thread Behavior, Property change (per thread), Hotplug/Hotunplug",Benchmark/stress test/standard test fail,no action,"""Functionality (cpu allowed, or cpuiso)"", Functionality (property change fail)",Warning,,,,,,
b01db23d5923a35023540edc4f0c5f019e11ac7d,147f3efaa241,master;linux-6.12.y;linux-6.6.y,,v6.6,semantic(maintain in-memory data structure wrong cfs tree list etc),Thread Behavior,Code Review or Internal Debug,no action,"""Performance (Policy violation, fairness)""",None,,,,,,
8dafa9d0eb1a1550a0f4d462db9354161bc51e0c,147f3efaa241,master;linux-6.12.y;linux-6.6.y,,v6.6,semantic(incorrect update stats),"Thread Behavior, Property change (per cgroup)",Benchmark/stress test regression,no action,"""Performance (Policy violation, fairness)""",None,,,,,,
650cad561cce04b62a8c8e0446b685ef171bc3bb,af4cf40470c2,master;linux-6.12.y;linux-6.6.y,,v6.6,semantic(incorrect update stats),Thread Behavior,Code Review or Internal Debug,comment,"""Performance (Policy violation, fairness)""",None,,,,,,
2f2fc17bab0011430ceb6f2dc1959e7d1f981444,147f3efaa241,master;linux-6.12.y;linux-6.6.y,,v6.6,semantic(incorrect update stats),"Thread Behavior, Property change (per thread)",Benchmark/stress test regression,no action,Functionality (property change fail),None,slice,,,,,
23c9519def98ee0fa97ea5871535e9b136f522fc,d81304bc6193,master;linux-6.12.y;linux-6.6.y;linux-6.1.y;linux-5.15.y;linux-5.10.y,linux-6.6.y;linux-6.1.y;linux-5.15.y;linux-5.10.y,v6.2,semantic(incorrect logic implementation making decision  update attr managetimer etc),"Thread Behavior, Property change (per thread)",Code Review or Internal Debug,tracepoint,"""Performance (energy efficiency, capacity fit)""",None,,,,,,
6b00a40147653c8ea748e8f4396510f252763364,1d42509e475c,master;linux-6.12.y;linux-6.6.y;linux-6.1.y,linux-6.6.y;linux-6.1.y,v5.6,semantic(incorrect update stats),"Thread Behavior, Property change (per thread)",Code Review or Internal Debug,tracepoint,"""Performance (energy efficiency, capacity fit)""",None,,,,,,
c0490bc9bb62d9376f3dd4ec28e03ca0fef97152,0a00a354644e,master;linux-6.12.y;linux-6.6.y;linux-6.1.y,linux-6.6.y;linux-6.1.y,v5.19,semantic(maintain in-memory data structure wrong cfs tree list etc),"Thread Behavior, Property change (per cgroup)",Customizied test,no action,Crash,Panic,,,,,,
617f2c38cb5ce60226042081c09e2ee3a90d03f8,cd7f55359c90,master;linux-6.12.y;linux-6.6.y,linux-6.6.y,v6.3,semantic(incorrect logic implementation making decision  update attr managetimer etc),"Special topology (other), Thread Behavior",User reported or In-production,comment,Crash,Panic,cpuless node,,,,CPU-less node,
450e749707bc1755f22b505d9cd942d4869dc535,fee1759e4f04,master;linux-6.12.y;linux-6.6.y,,v6.6,semantic(incorrect logic implementation making decision  update attr managetimer etc),"Special topology (other), Thread Behavior",Code Review or Internal Debug,comment,"""Performance (Policy violation, balance, work conserving)""",None,,,,,,
f8858d96061f5942216c6abb0194c3ea7b78e1e8,b1bfeab9b002,master;linux-6.12.y;linux-6.6.y,,v6.6,semantic(incorrect logic implementation making decision  update attr managetimer etc),"Thread Behavior, Special topology (other)",Code Review or Internal Debug,comment,"""Performance (Policy violation, sched overhead)""",None,,,,,,
c7fcb99877f9f542c918509b2801065adcaf46fa,975e155ed873,master;linux-6.12.y;linux-6.6.y;linux-6.1.y;linux-5.15.y;linux-5.10.y;linux-5.4.y,linux-6.1.y;linux-5.15.y;linux-5.10.y;linux-5.4.y,v4.11,semantic(incorrect update stats),"special config, Boot",Benchmark/stress test regression,no action,Functionality (property change fail),None,rounding error,,,,,
c98c18270be115678f4295b10a5af5dcc9c4efa0,c53593e5cb69,master;linux-6.12.y;linux-6.6.y,,v4.16,semantic(incorrect update stats),"Thread Behavior, Property change (per cgroup)",Code Review or Internal Debug,no action,Functionality (CFS bandwidth),None,,,,,,
c2e164ac33f75e0acb93004960c73bd9166d3d35,7d0583cf9ec7,master;linux-6.12.y;linux-6.6.y,,v6.5,semantic(incorrect update stats),Thread Behavior,Code Review or Internal Debug,no action,"""Performance (Policy violation, locality)""",None,,,,,,
ae2ad293d6be143ad223f5f947cca07bcbe42595,89aafd67f28c,master;linux-6.12.y;linux-6.6.y;linux-6.1.y,linux-6.1.y,v5.15,semantic(incorrect logic implementation making decision  update attr managetimer etc),Thread Behavior,Code Review or Internal Debug,no action,"""Performance (Policy violation, locality)""",None,,,,,,
ebb83d84e49b54369b0db67136a5fe1087124dcc,8ad075c2eb1f,master;linux-6.12.y;linux-6.6.y,,v6.3,semantic(incorrect logic implementation making decision  update attr managetimer etc),"Thread Behavior, Property change (per cgroup)",User reported or In-production,comment,No impact (duplicate call),Warning,,,,,,
f31dcb152a3d0816e2f1deab4e64572336da197d,776f22913b8e,master;linux-6.12.y;linux-6.6.y,,v6.3,semantic(incorrect update stats),Boot,Other kernel subsystem behavior,no action,Functionality (response error),Warning,,,,,,
feffe5bb274dd3442080ef0e4053746091878799,95158a89dd50,master;linux-6.12.y;linux-6.6.y;linux-6.1.y;linux-5.15.y,linux-6.1.y;linux-5.15.y,v5.11,concurrency,Thread Behavior,User reported or In-production,comment,"""Performance (Policy violation, balance, work conserving)""",Warning,,MTTF for 2 days,,,,
223baf9d17f25e2608dbdff7232c095c1e612268,af7f588d8f73,master;linux-6.12.y;linux-6.6.y,,v6.3,semantic(incorrect logic implementation making decision  update attr managetimer etc),Thread Behavior,Benchmark/stress test regression,comment,"""Performance (Policy violation, sched overhead)""",None,,,,,,
91dcf1e8068e9a8823e419a7a34ff4341275fb70,0b0695f2b34a,master;linux-6.12.y;linux-6.6.y;linux-6.1.y;linux-5.15.y;linux-5.10.y,linux-6.1.y;linux-5.15.y;linux-5.10.y,v5.5,semantic(generic wrong type integer overflow etc),"Thread Behavior, Property change (per cgroup)",User reported or In-production,comment,"""Performance (Policy violation, fairness)"", ""Performance (Policy violation, balance, work conserving)""",None,,,,,,
39afe5d6fc59237ff7738bf3ede5a8856822d59d,806486c377e33,master;linux-6.12.y;linux-6.6.y;linux-6.1.y;linux-5.15.y,linux-6.1.y;linux-5.15.y,v4.16,semantic(incorrect logic implementation making decision  update attr managetimer etc),Thread Behavior,Code Review or Internal Debug,no action,Functionality (Trace or account),None,,,,,,
a53ce18cacb477dd0513c607f187d16f0fa96f71,829c1651e9c4,master;linux-6.12.y;linux-6.6.y;linux-6.1.y;linux-5.15.y;linux-5.10.y;linux-5.4.y,linux-6.1.y;linux-5.15.y;linux-5.10.y;linux-5.4.y,v6.3,semantic(incorrect update stats),Thread Behavior,Benchmark/stress test regression,comment,"""Performance (Policy violation, fairness)""",None,,,,,,
01bb11ad828b320749764fa93ad078db20d08a9e,cd7f55359c90,master;linux-6.12.y;linux-6.6.y,,v6.3,memory,"Kernel/driver Event, Special topology (numa)",Benchmark/stress test/standard test fail,no action,Functionality (task state change failure),Warning,,,,,,
df14b7f9efcda35e59bb6f50351aac25c50f6e24,8f9ea86fdf99,master;linux-6.12.y;linux-6.6.y,,v6.2,semantic(incorrect update stats),"Thread Behavior, Property change (per thread)",Code Review or Internal Debug,no action,"""Functionality (cpu allowed, or cpuiso)""",None,,,,,,
7c4a5b89a0b5a57a64b601775b296abf77a9fe97,326587b84078,master;linux-6.12.y;linux-6.6.y;linux-6.1.y;linux-5.15.y;linux-5.10.y;linux-5.4.y,linux-6.1.y;linux-5.15.y;linux-5.10.y;linux-5.4.y,v2.6.25,semantic(maintain in-memory data structure wrong cfs tree list etc),Thread Behavior,Code Review or Internal Debug,warning,No impact (unnecessary check or warning),None,,,,,,
5657c116783545fb49cd7004994c187128552b12,9a5418bc48ba,master;linux-6.12.y;linux-6.6.y,,v6.2,memory,"Special topology (uniprocessor noSMP), Thread Behavior, Property change (per thread)",Benchmark/stress test/standard test fail,no action,Crash,Panic,,,,,,
da07d2f9c153e457e845d4dcfdd13568d71d18a4,44c7b80bffc3,master;linux-6.12.y;linux-6.6.y;linux-6.1.y;linux-5.15.y;linux-5.10.y,linux-6.1.y;linux-5.15.y;linux-5.10.y,v6.2,semantic(incorrect logic implementation making decision  update attr managetimer etc),"Special topology (asym cpu), Property change (per system), Thread Behavior",Code Review or Internal Debug,comment,"""Performance (energy efficiency, capacity fit)""",None,,,,,,
9a5418bc48babb313d2a62df29ebe21ce8c06c59,851a723e45d1,master;linux-6.12.y;linux-6.6.y,,v6.2,semantic(incorrect update stats),"Thread Behavior, Property change (per thread), special config",Benchmark/stress test/standard test fail,no action,lockup / hang,Panic,,,,,,
87ca4f9efbd7cc649ff43b87970888f2812945b8,07ec77a1d4e8,master;linux-6.12.y;linux-6.6.y;linux-6.1.y;linux-5.15.y,linux-6.1.y;linux-5.15.y,v5.15,memory,"Thread Behavior, Property change (per thread)",Benchmark/stress test/standard test fail,no action,lockup / hang,Panic,,,,,,
7fb3ff22ad8772bbf0e3ce1ef3eb7b09f431807f,e2b0d619b400,master;linux-6.12.y;linux-6.6.y;linux-6.1.y,linux-6.1.y,v5.9,semantic(generic wrong type integer overflow etc),"Property change (per system), Thread Behavior",Other kernel subsystem behavior,no action,"""Performance (Policy violation, balance, work conserving)"", ""Performance (Policy violation, fairness)"", ""Performance (Policy violation, locality)""",None,,,,,,
91dabf33ae5df271da63e87ad7833e5fdb4a44b9,f5d39b020809,master;linux-6.12.y;linux-6.6.y;linux-6.1.y,,v6.1,concurrency,"Thread Behavior, Kernel/driver Event",Other kernel subsystem behavior,no action,lockup / hang,Panic,,race,,,,
d81304bc6193554014d4372a01debdf65e1e9a4d,732cd75b8c920,master;linux-6.12.y;linux-6.6.y;linux-6.1.y;linux-5.15.y;linux-5.10.y,linux-6.1.y;linux-5.15.y;linux-5.10.y,v5.0,semantic(incorrect logic implementation making decision  update attr managetimer etc),"Thread Behavior, Property change (per thread)",Code Review or Internal Debug,no action,"""Performance (energy efficiency, capacity fit)"", ""Performance (Policy violation, locality)"", ""Performance (Policy violation, fairness)"", ""Performance (Policy violation, balance, work conserving)"", ""Performance (Policy violation, cpufreq control)""",None,,,,,,
c56ab1b3506ba0e7a872509964b100912bde165d,af24bde8df202,master;linux-6.12.y;linux-6.6.y;linux-6.1.y;linux-5.15.y;linux-5.10.y,linux-6.1.y;linux-5.15.y;linux-5.10.y,v5.3,semantic(incorrect logic implementation making decision  update attr managetimer etc),"Thread Behavior, Property change (per thread)",Benchmark/stress test regression,no action,"""Performance (energy efficiency, capacity fit)"", ""Performance (Policy violation, locality)"", ""Performance (Policy violation, fairness)"", ""Performance (Policy violation, balance, work conserving)"", ""Performance (Policy violation, cpufreq control)""",None,,,,,,
a2e7f03ed28fce26c78b985f87913b6ce3accf9d,b4c9c9f15649,master;linux-6.12.y;linux-6.6.y;linux-6.1.y;linux-5.15.y;linux-5.10.y,linux-6.1.y;linux-5.15.y;linux-5.10.y,v5.10,semantic(incorrect logic implementation making decision  update attr managetimer etc),"Thread Behavior, Special topology (asym cpu), Property change (per thread)",Code Review or Internal Debug,no action,"""Performance (energy efficiency, capacity fit)"", ""Performance (Policy violation, locality)"", ""Performance (Policy violation, fairness)"", ""Performance (Policy violation, balance, work conserving)"", ""Performance (Policy violation, cpufreq control)""",None,,,,,,
b759caa1d9f667b94727b2ad12589cbc4ce13a82,b4c9c9f15649,master;linux-6.12.y;linux-6.6.y;linux-6.1.y;linux-5.15.y;linux-5.10.y,linux-6.1.y;linux-5.15.y;linux-5.10.y,v5.10,semantic(incorrect logic implementation making decision  update attr managetimer etc),"Thread Behavior, Special topology (asym cpu), Property change (per thread)",Code Review or Internal Debug,no action,"""Performance (energy efficiency, capacity fit)"", ""Performance (Policy violation, locality)"", ""Performance (Policy violation, fairness)"", ""Performance (Policy violation, balance, work conserving)"", ""Performance (Policy violation, cpufreq control)""",None,,,,,,
244226035a1f9b2b6c326e55ae5188fab4f428cb,1d42509e475c,master;linux-6.12.y;linux-6.6.y;linux-6.1.y;linux-5.15.y;linux-5.10.y,linux-6.1.y;linux-5.15.y;linux-5.10.y,v5.6,semantic(incorrect logic implementation making decision  update attr managetimer etc),"Thread Behavior, Special topology (asym cpu), Property change (per thread)",User reported or In-production,no action,"""Performance (energy efficiency, capacity fit)"", ""Performance (Policy violation, locality)"", ""Performance (Policy violation, fairness)"", ""Performance (Policy violation, balance, work conserving)"", ""Performance (Policy violation, cpufreq control)""",None,,,,,,
b48e16a69792b5dc4a09d6807369d11b2970cc36,a7008c07a568,master;linux-6.12.y;linux-6.6.y;linux-6.1.y;linux-5.15.y;linux-5.10.y,linux-6.1.y;linux-5.15.y;linux-5.10.y,v5.6,semantic(incorrect logic implementation making decision  update attr managetimer etc),"Thread Behavior, Special topology (asym cpu), Property change (per thread)",Code Review or Internal Debug,comment,"""Performance (energy efficiency, capacity fit)"", ""Performance (Policy violation, locality)"", ""Performance (Policy violation, fairness)"", ""Performance (Policy violation, balance, work conserving)"", ""Performance (Policy violation, cpufreq control)""",None,,,,,,
48d5e9daa8b767e75ed9421665b037a49ce4bc04,af24bde8df202,master;linux-6.12.y;linux-6.6.y;linux-6.1.y;linux-5.15.y;linux-5.10.y,linux-6.1.y;linux-5.15.y;linux-5.10.y,v5.3,semantic(incorrect logic implementation making decision  update attr managetimer etc),"Thread Behavior, Property change (per thread), Special topology (asym cpu)",Code Review or Internal Debug,comment,"""Performance (energy efficiency, capacity fit)"", ""Performance (Policy violation, locality)"", ""Performance (Policy violation, fairness)"", ""Performance (Policy violation, balance, work conserving)"", ""Performance (Policy violation, cpufreq control)""",None,,,,,,
e705968dd687574b6ca3ebe772683d5642759132,97886d9dcd86,master;linux-6.12.y;linux-6.6.y;linux-6.1.y;linux-5.15.y,linux-5.15.y,v5.14,semantic(incorrect logic implementation making decision  update attr managetimer etc),"Thread Behavior, Property change (per thread)",Code Review or Internal Debug,no action,security vulnerability,None,,,,,,
5aec788aeb8eb74282b75ac1b317beb0fbb69a42,f5d39b020809,master;linux-6.12.y;linux-6.6.y;linux-6.1.y,,v6.1,semantic(incorrect logic implementation making decision  update attr managetimer etc),Thread Behavior,Code Review or Internal Debug,comment,Functionality (task state change failure),None,,,,,,
751d4cbc43879229dbc124afefe240b70fd29a85,c6e7bd7afaeb,master;linux-6.12.y;linux-6.6.y;linux-6.1.y;linux-5.15.y,linux-5.15.y,v5.8,semantic(incorrect logic implementation making decision  update attr managetimer etc),Kthread Behavior,User reported or In-production,comment,"""Functionality (cpu allowed, or cpuiso)""",Warning,,,,,,
b6e8d40d43ae4dec00c8fea2593eeea3114b8f44,7f51412a415d,master;linux-6.12.y;linux-6.6.y;linux-6.1.y;linux-5.15.y;linux-5.10.y,linux-5.15.y;linux-5.10.y,v3.19,memory,"Thread Behavior, Property change (per cgroup)",User reported or In-production,no action,"Crash, ""Functionality (cpu allowed, or cpuiso)""",Panic,,,,,,
91caa5ae242465c3ab9fd473e50170faa7e944f4,6e33cad0af49,master;linux-6.12.y;linux-6.6.y;linux-6.1.y,,v5.14,semantic(maintain in-memory data structure wrong cfs tree list etc),"Thread Behavior, Property change (per thread)",Customizied test,comment,security vulnerability,None,,,,,,
5c66d1b9b30f737fcef85a0b75bfe0590e16b62a,76d92ac305f2,master;linux-6.12.y;linux-6.6.y;linux-6.1.y;linux-5.15.y;linux-5.10.y;linux-5.4.y,linux-5.15.y;linux-5.10.y;linux-5.4.y,v4.6,semantic(incorrect update stats),Thread Behavior,Code Review or Internal Debug,no action,"""Performance (Policy violation, fairness)"", Functionality (starvation)",None,,,,,,
ddfc710395cccc61247348df9eb18ea50321cbed,64be6f1f5f71,master;linux-6.12.y;linux-6.6.y;linux-6.1.y;linux-5.15.y;linux-5.10.y,linux-5.15.y;linux-5.10.y,v3.18,semantic(incorrect logic implementation making decision  update attr managetimer etc),"Thread Behavior, multiple sched class",Code Review or Internal Debug,"warning, tracepoint",No impact (unnecessary check or warning),None,,,,,,
04193d590b390ec7a0592630f46d559ec6564ba1,ae7927023243,master;linux-6.12.y;linux-6.6.y;linux-6.1.y;linux-5.15.y,linux-5.15.y,v5.11,concurrency,"Thread Behavior, Property change (per thread), Hotplug/Hotunplug",User reported or In-production,no action,"Functionality (hotplug), ""Functionality (cpu allowed, or cpuiso)""",None,,,,,,
82f586f923e3ac6062bc7867717a7f8afc09e0ff,c8eaf6ac76f4,master;linux-6.12.y;linux-6.6.y;linux-6.1.y,,v5.18,semantic(incorrect logic implementation making decision  update attr managetimer etc),"Boot, Property change (per system)",User reported or In-production,no action,Crash,Panic,,,,,,
9c2136be0878c88c53dea26943ce40bb03ad8d8d,fa2c3254d7cf,master;linux-6.12.y;linux-6.6.y;linux-6.1.y,,v5.18,semantic(generic wrong type integer overflow etc),Thread Behavior,User reported or In-production,tracepoint,Functionality (Trace or account),None,,,,,,
b3f9916d81e8ffb21cbe7abccf63f86a5a1d598a,1b2552cbdbe0,master;linux-6.12.y;linux-6.6.y;linux-6.1.y,,v5.19,semantic(incorrect logic implementation making decision  update attr managetimer etc),"Special topology (numa), Thread Behavior, Kthread Behavior",Benchmark/stress test/standard test fail,no action,Crash,Panic,,,,,,
64eaf50731ac0a8c76ce2fedd50ef6652aabc5ff,23127296889f,master;linux-6.12.y;linux-6.6.y;linux-6.1.y;linux-5.15.y;linux-5.10.y;linux-5.4.y,linux-5.15.y;linux-5.10.y;linux-5.4.y,v5.1,semantic(incorrect update stats),"Thread Behavior, Property change (per cgroup)",Code Review or Internal Debug,no action,Functionality (CFS bandwidth),None,,,,,,
40f5aa4c5eaebfeaca4566217cb9c468e28ed682,f207934fb79d,master;linux-6.12.y;linux-6.6.y;linux-6.1.y;linux-5.15.y;linux-5.10.y,linux-5.15.y;linux-5.10.y,v4.15,semantic(incorrect update stats),Thread Behavior,User reported or In-production,no action,"""Performance (Policy violation, balance, work conserving)"", ""Performance (Policy violation, cpufreq control)""",Warning,,,,,,
386ef214c3c6ab111d05e1790e79475363abaa05,d2dfa17bc7de6,master;linux-6.12.y;linux-6.6.y;linux-6.1.y;linux-5.15.y,linux-5.15.y,v5.14,semantic(incorrect logic implementation making decision  update attr managetimer etc),"Thread Behavior, Property change (per thread)",Code Review or Internal Debug,no action,lockup / hang,Panic,,,,,,
5b6547ed97f4f5dfc23f8e3970af6d11d7b7ed7e,d2dfa17bc7de,master;linux-6.12.y;linux-6.6.y;linux-6.1.y,,v5.14,semantic(incorrect logic implementation making decision  update attr managetimer etc),"Thread Behavior, Property change (per thread), multiple sched class",User reported or In-production,no action,lockup / hang,Panic,,,,,,
ab31c7fd2d37bc3580d9d712d5f2dfb69901fca9,0fb3978b0aac,master;linux-6.12.y;linux-6.6.y;linux-6.1.y,,v5.18,memory,"Boot, Special topology (other)",User reported or In-production,no action,Crash,Panic,,,,,,
7f434dff76215af00c26ba6449eaa4738fe9e2ab,e496132ebedd,master;linux-6.12.y;linux-6.6.y;linux-6.1.y,,v5.18,semantic(generic wrong type integer overflow etc),Boot,Benchmark/stress test/standard test fail,no action,No impact (duplicate call),Warning,,,,,,
49bef33e4b87b743495627a529029156c6e09530,a7c81556ec4d,master;linux-6.12.y;linux-6.6.y;linux-6.1.y;linux-5.15.y,linux-5.15.y,v5.11,concurrency,"Thread Behavior, Property change (per thread), multiple sched class",User reported or In-production,warning,"""Performance (Policy violation, impact from lower priority task)""",None,,,,,,
248cc9993d1cc12b8e9ed716cc3fc09f6c3517dd,73e6aafd9ea8,master;linux-6.12.y;linux-6.6.y;linux-6.1.y;linux-5.15.y;linux-5.10.y,linux-5.15.y;linux-5.10.y,v4.6,semantic(incorrect update stats),Thread Behavior,User reported or In-production,no action,Functionality (Trace or account),None,,,,,,
b1e8206582f9d680cff7d04828708c8b6ab32957,4ef0c5c6b5ba,master;linux-6.12.y;linux-6.6.y;linux-6.1.y;linux-5.15.y,linux-5.15.y,v5.16,concurrency,"Thread Behavior, Property change (per cgroup)",Code Review or Internal Debug,comment,Crash,Panic,found by linus,,,,,
2cfb7a1b031b0e816af7a6ee0c6ab83b0acdf05a,7d2b5dd0bcc4,master;linux-6.12.y;linux-6.6.y;linux-6.1.y;linux-5.15.y,linux-5.15.y,v5.11,semantic(incorrect logic implementation making decision  update attr managetimer etc),"Thread Behavior, Special topology (numa)",Code Review or Internal Debug,comment,"""Performance (Policy violation, balance, work conserving)""",None,,,,,,
13765de8148f71fa795e0a6607de37c49ea5915a,4ef0c5c6b5ba,master;linux-6.12.y;linux-6.6.y;linux-6.1.y;linux-5.15.y;linux-5.10.y,linux-5.15.y;linux-5.10.y,v5.16,memory,"Thread Behavior, Property change (per thread)",Fuzz,no action,Crash,Panic,,,,,,
d37aee9018e68b0d356195caefbb651910e0bbfa,982d9cdc22c9,master;linux-6.12.y;linux-6.6.y;linux-6.1.y;linux-5.15.y,linux-5.15.y,v5.3,semantic(incorrect logic implementation making decision  update attr managetimer etc),"Property change (per thread), Thread Behavior",Code Review or Internal Debug,no action,"""Performance (energy efficiency, capacity fit)""",None,,,,,,
7a17e1db1265471f7718af100cfc5e41280d53a7,982d9cdc22c9,master;linux-6.12.y;linux-6.6.y;linux-6.1.y,,v5.3,semantic(incorrect logic implementation making decision  update attr managetimer etc),"Thread Behavior, Property change (per thread)",Customizied test,comment,"""Performance (energy efficiency, capacity fit)"", ""Performance (Policy violation, locality)"", ""Performance (Policy violation, fairness)"", ""Performance (Policy violation, balance, work conserving)"", ""Performance (Policy violation, cpufreq control)""",None,,,,,,
98b0d890220d45418cfbc5157b3382e6da5a12ab,1c35b07e6d39,master;linux-6.12.y;linux-6.6.y;linux-6.1.y;linux-5.15.y;linux-5.10.y,linux-5.15.y;linux-5.10.y,v5.14,semantic(incorrect update stats),"Thread Behavior, Special topology (asym cpu), Property change (per cgroup)",Benchmark/stress test regression,comment,"""Performance (Policy violation, fairness)"", ""Performance (Policy violation, balance, work conserving)""",None,,,,,,
9b58e976b3b391c0cf02e038d53dd0478ed3013c,d0b27fa77854,master;linux-6.12.y;linux-6.6.y;linux-6.1.y;linux-5.15.y;linux-5.10.y;linux-5.4.y,linux-5.15.y;linux-5.10.y;linux-5.4.y,v2.6.26,semantic(incorrect logic implementation making decision  update attr managetimer etc),"Thread Behavior, Property change (per thread)",Customizied test,no action,Functionality (starvation),None,well reproduced,,,,,
014ba44e8184e1acf93e0cbb7089ee847802f8f0,b4c9c9f15649,master;linux-6.12.y;linux-6.6.y;linux-6.1.y;linux-5.15.y;linux-5.10.y,linux-5.15.y;linux-5.10.y,v5.10,semantic(incorrect logic implementation making decision  update attr managetimer etc),"Kthread Behavior, Special topology (asym cpu), Thread Behavior",Code Review or Internal Debug,no action,"""Performance (energy efficiency, capacity fit)"", ""Performance (Policy violation, locality)"", ""Performance (Policy violation, fairness)"", ""Performance (Policy violation, balance, work conserving)"", ""Performance (Policy violation, cpufreq control)""",None,,,,,,
8b4e74ccb582797f6f0b0a50372ebd9fd2372a27,52262ee567ad,master;linux-6.12.y;linux-6.6.y;linux-6.1.y;linux-5.15.y;linux-5.10.y,linux-5.15.y;linux-5.10.y,v5.6,semantic(incorrect logic implementation making decision  update attr managetimer etc),"Thread Behavior, Kthread Behavior",Code Review or Internal Debug,no action,"""Performance (Policy violation, locality)""",None,,,,,,
315c4f884800c45cb6bd8c90422fad554a8b9588,d81ae8aac85c,master;linux-6.12.y;linux-6.6.y;linux-6.1.y;linux-5.15.y;linux-5.10.y;linux-5.4.y,linux-5.15.y;linux-5.10.y;linux-5.4.y,v5.9,semantic(incorrect update stats),"Thread Behavior, Property change (per thread)",Code Review or Internal Debug,no action,"""Performance (energy efficiency, capacity fit)"", ""Performance (Policy violation, locality)"", ""Performance (Policy violation, fairness)"", ""Performance (Policy violation, balance, work conserving)"", ""Performance (Policy violation, cpufreq control)""",None,,,,,,
9ed20bafc85806ca6c97c9128cec46c3ef80ae86,826bfeb37bb4,master;linux-6.12.y;linux-6.6.y;linux-6.1.y;linux-5.15.y,linux-5.15.y,v5.12,semantic(incorrect logic implementation making decision  update attr managetimer etc),Property change (per system),Code Review or Internal Debug,no action,Functionality (Trace or account),None,,,,,,
dce1ca0525bfdc8a69a9343bc714fbc19a2f04b3,f1a0a376ca0c4ef1,master;linux-6.12.y;linux-6.6.y;linux-6.1.y;linux-5.15.y;linux-5.10.y,linux-5.15.y;linux-5.10.y,v5.14,memory,Hotplug/Hotunplug,User reported or In-production,comment,Functionality (hotplug),None,,,,,,
b027789e5e50494c2325cc70c8642e7fd6059479,a7b359fc6a37,master;linux-6.12.y;linux-6.6.y;linux-6.1.y;linux-5.15.y,linux-5.15.y,v5.13,concurrency,"Thread Behavior, Property change (per cgroup)",User reported or In-production,comment,Crash,Panic,a reproducer (attached) that can hit this window quite easily after tuning. ,,,,,
42dc938a590c96eeb429e1830123fef2366d9c80,518cd6234178,master;linux-6.12.y;linux-6.6.y;linux-6.1.y;linux-5.15.y;linux-5.10.y;linux-5.4.y,linux-5.15.y;linux-5.10.y;linux-5.4.y,v3.3,concurrency,Thread Behavior,User reported or In-production,no action,"""Performance (Policy violation, balance, work conserving)""",Warning,,,,,,
63acd42c0d4942f74710b11c38602fb14dea7320,f1a0a376ca0c,master;linux-6.12.y;linux-6.6.y;linux-6.1.y;linux-5.15.y;linux-5.10.y,linux-5.10.y,v5.14,memory,Thread Behavior,Code Review or Internal Debug,no action,Functionality (hotplug),None,,,,,,
4ef0c5c6b5ba1f38f0ea1cedad0cad722f00c14a,8323f26ce342,master;linux-6.12.y;linux-6.6.y;linux-6.1.y;linux-5.15.y;linux-5.10.y,linux-5.15.y;linux-5.10.y,v3.6,concurrency,"Thread Behavior, Property change (per cgroup)",User reported or In-production,no action,Crash,Panic,,,,,,
703066188f63d66cc6b9d678e5b5ef1213c5938e,8a99b6833c88,master;linux-6.12.y;linux-6.6.y;linux-6.1.y;linux-5.15.y,,v5.13,memory,Property change (per system),User reported or In-production,no action,Crash,Panic,,,,,,
2630cde26711dab0d0b56a8be1616475be646d13,a7b359fc6a37,master;linux-6.12.y;linux-6.6.y;linux-6.1.y;linux-5.15.y,,v5.13,semantic(maintain in-memory data structure wrong cfs tree list etc),"Thread Behavior, Property change (per cgroup)",Benchmark/stress test regression,comment,Functionality (CFS bandwidth),None,,,,,,
868ad33bfa3bf39960982682ad3a0f8ebda1656e,ae7927023243,master;linux-6.12.y;linux-6.6.y;linux-6.1.y;linux-5.15.y,,v5.11,semantic(incorrect logic implementation making decision  update attr managetimer etc),"Hotplug/Hotunplug, Thread Behavior, Property change (per thread)",Customizied test,comment,No impact (self correcting),Warning,,,,,,
e681dcbaa4b284454fecd09617f8b24231448446,a7c81556ec4d3,master;linux-6.12.y;linux-6.6.y;linux-6.1.y;linux-5.15.y,,v5.11,semantic(incorrect logic implementation making decision  update attr managetimer etc),Thread Behavior,Customizied test,comment,Crash,Panic,,,,,,
3c474b3239f12fe0b00d7e82481f36a1f31e79ab,9edeaea1bc45,master;linux-6.12.y;linux-6.6.y;linux-6.1.y;linux-5.15.y,,v5.14,semantic(incorrect logic implementation making decision  update attr managetimer etc),Hotplug/Hotunplug,Code Review or Internal Debug,comment,Crash,Panic,,,,,,
e5c6b312ce3cc97e90ea159446e6bfa06645364d,9bdcb44e391d,master;linux-6.12.y;linux-6.6.y;linux-6.1.y;linux-5.15.y;linux-5.10.y;linux-5.4.y,linux-5.10.y;linux-5.4.y,v4.7,memory,Property change (per system),User reported or In-production,no action,Crash,Panic,,,,,,
ca4984a7dd863f3e1c0df775ae3e744bff24c303,e496187da710,master;linux-6.12.y;linux-6.6.y;linux-6.1.y;linux-5.15.y;linux-5.10.y;linux-5.4.y,linux-5.10.y;linux-5.4.y,v5.3,semantic(incorrect update stats),"Thread Behavior, Property change (per thread)",User reported or In-production,comment,"""Performance (energy efficiency, capacity fit)"", ""Performance (Policy violation, cpufreq control)"", ""Performance (Policy violation, locality)""",None,,,,,,
1c6829cfd3d5124b125e6df41158665aea413b35,ff7db0bf24db,master;linux-6.12.y;linux-6.6.y;linux-6.1.y;linux-5.15.y;linux-5.10.y,linux-5.10.y,v5.7,semantic(incorrect logic implementation making decision  update attr managetimer etc),Thread Behavior,Code Review or Internal Debug,no action,"""Performance (Policy violation, locality)"", ""Performance (Policy violation, balance, work conserving)""",None,,,,,,
f558c2b834ec27e75d37b1c860c139e7b7c3a8e4,0782e63bc6fe,master;linux-6.12.y;linux-6.6.y;linux-6.1.y;linux-5.15.y;linux-5.10.y,linux-5.10.y,v4.1,semantic(incorrect logic implementation making decision  update attr managetimer etc),"Thread Behavior, multiple sched class",Customizied test,no action,No impact (self correcting),None,,,,,,
3e1493f46390618ea78607cb30c58fc19e2a5035,9d20ad7dfc9a,master;linux-6.12.y;linux-6.6.y;linux-6.1.y;linux-5.15.y;linux-5.10.y,linux-5.10.y,v5.3,semantic(incorrect update stats),"Thread Behavior, Property change (per thread)",Code Review or Internal Debug,comment,"""Performance (energy efficiency, capacity fit)"", ""Performance (Policy violation, locality)"", ""Performance (Policy violation, cpufreq control)""",None,,,,,,
ceb6ba45dc8074d2a1ec1117463dc94a20d4203d,9e077b52d86a,master;linux-6.12.y;linux-6.6.y;linux-6.1.y;linux-5.15.y,,v5.14,semantic(incorrect update stats),Thread Behavior,Code Review or Internal Debug,no action,"""Performance (Policy violation, balance, work conserving)"", ""Performance (Policy violation, fairness)""",None,,,,,,
0213b7083e81f4acd69db32cb72eb4e5f220329a,0c18f2ecfcc2,master;linux-6.12.y;linux-6.6.y;linux-6.1.y;linux-5.15.y;linux-5.10.y;linux-5.4.y,linux-5.10.y;linux-5.4.y,v5.14,semantic(incorrect update stats),"Thread Behavior, Property change (per cgroup), Property change (per thread)",Customizied test,no action,Functionality (property change fail),None,corner case,,,,,
d7d607096ae6d378b4e92d49946d22739c047d4c,3727e0e,master;linux-6.12.y;linux-6.6.y;linux-6.1.y;linux-5.15.y;linux-5.10.y;linux-5.4.y,linux-5.10.y;linux-5.4.y,v4.19,semantic(incorrect update stats),"Thread Behavior, Property change (per thread)",Code Review or Internal Debug,no action,No impact (self correcting),None,,,,,,
fecfcbc288e9f4923f40fd23ca78a6acdc7fdf6c,371bf427,master;linux-6.12.y;linux-6.6.y;linux-6.1.y;linux-5.15.y;linux-5.10.y;linux-5.4.y,linux-5.10.y;linux-5.4.y,v4.19,semantic(incorrect update stats),"Thread Behavior, Property change (per thread)",Code Review or Internal Debug,comment,"""Performance (Policy violation, balance, work conserving)"", ""Performance (Policy violation, fairness)""",None,,,,,,
fdaba61ef8a268d4136d0a113d153f7a89eb9984,a7b359fc6a37,master;linux-6.12.y;linux-6.6.y;linux-6.1.y;linux-5.15.y,,v5.13,semantic(maintain in-memory data structure wrong cfs tree list etc),"Thread Behavior, Property change (per cgroup)",Benchmark/stress test/standard test fail,comment,"""Performance (Policy violation, fairness)""",Warning,,,ltp,,,
a7b359fc6a37faaf472125867c8dc5a068c90982,31bc6aeaab1d,master;linux-6.12.y;linux-6.6.y;linux-6.1.y;linux-5.15.y,,v5.1,semantic(maintain in-memory data structure wrong cfs tree list etc),"Thread Behavior, Property change (per cgroup)",Benchmark/stress test regression,comment,"""Performance (Policy violation, fairness)""",None,,,,,,
771fac5e26c17845de8c679e6a947a4371e86ffc,4c38f2df71c8,master;linux-6.12.y;linux-6.6.y;linux-6.1.y;linux-5.15.y,,v5.13,concurrency,"Kernel/driver Event, Kthread Behavior, Hotplug/Hotunplug",User reported or In-production,document,"""Performance (Policy violation, cpufreq control)""",None,,,,,,
68d7a190682aa4eb02db477328088ebad15acc83,b89997aa88f0b,master;linux-6.12.y;linux-6.6.y;linux-6.1.y;linux-5.15.y;linux-5.10.y,linux-5.10.y,v5.13,semantic(incorrect update stats),Thread Behavior,Code Review or Internal Debug,comment,"""Performance (Policy violation, fairness)"", ""Performance (Policy violation, balance, work conserving)""",None,,,,,,
475ea6c60279e9f2ddf7e4cf2648cd8ae0608361,6d337eab041d,master;linux-6.12.y;linux-6.6.y;linux-6.1.y;linux-5.15.y,,v5.11,semantic(incorrect logic implementation making decision  update attr managetimer etc),"Thread Behavior, Property change (per thread), Hotplug/Hotunplug",Customizied test,comment,"""Functionality (cpu allowed, or cpuiso)""",None,,,,,,
02da26ad5ed6ea8680e5d01f20661439611ed776,039ae8bcf7a5,master;linux-6.12.y;linux-6.6.y;linux-6.1.y;linux-5.15.y;linux-5.10.y;linux-5.4.y,linux-5.10.y;linux-5.4.y,v5.1,semantic(incorrect update stats),"Thread Behavior, Property change (per cgroup)",User reported or In-production,no action,"""Performance (Policy violation, fairness)""",None,,,,,,
7c7ad626d9a0ff0a36c1e2a3cfbbc6a13828d5eb,0e2d2aaaae52,master;linux-6.12.y;linux-6.6.y;linux-6.1.y;linux-5.15.y;linux-5.10.y,linux-5.10.y,v4.15,semantic(incorrect update stats),"Thread Behavior, Property change (per cgroup)",User reported or In-production,no action,"""Performance (Policy violation, fairness)"", ""Performance (Policy violation, balance, work conserving)""",None,,,,,,
93b73858701fd01de26a4a874eb95f9b7156fd4b,7226017ad37a,master;linux-6.12.y;linux-6.6.y;linux-6.1.y;linux-5.15.y;linux-5.10.y;linux-5.4.y,linux-5.10.y;linux-5.4.y,v5.6,concurrency,"Thread Behavior, Property change (per cgroup)",Code Review or Internal Debug,warning,Functionality (property change fail),None,,,,,,
0c18f2ecfcc274a4bcc1d122f79ebd4001c3b445,3eac870a3247,master;linux-6.12.y;linux-6.6.y;linux-6.1.y;linux-5.15.y;linux-5.10.y;linux-5.4.y,linux-5.10.y;linux-5.4.y,v5.4,semantic(incorrect update stats),"Thread Behavior, Property change (per cgroup)",Customizied test,no action,Functionality (property change fail),None,,,,,,
02dbb7246c5bbbbe1607ebdc546ba5c454a664b1,9fe1f127b913,master;linux-6.12.y;linux-6.6.y;linux-6.1.y;linux-5.15.y,,v5.12,semantic(incorrect logic implementation making decision  update attr managetimer etc),Thread Behavior,Code Review or Internal Debug,no action,"""Performance (Policy violation, balance, work conserving)""",None,,,,,,
0258bdfaff5bd13c4d2383150b7097aecd6b6d82,3d30544f0212,master;linux-6.12.y;linux-6.6.y;linux-6.1.y;linux-5.15.y;linux-5.10.y;linux-5.4.y,linux-5.10.y;linux-5.4.y,v4.8,semantic(maintain in-memory data structure wrong cfs tree list etc),"Thread Behavior, Property change (per cgroup)",Customizied test,no action,"""Performance (Policy violation, fairness)""",None,,,,,,
6d2f8909a5fabb73fe2a63918117943986c39b6c,69842cba9ace,master;linux-6.12.y;linux-6.6.y;linux-6.1.y;linux-5.15.y;linux-5.10.y;linux-5.4.y,linux-5.10.y;linux-5.4.y,v5.3,semantic(generic wrong type integer overflow etc),"Thread Behavior, Property change (per thread)",Code Review or Internal Debug,no action,"""Performance (energy efficiency, capacity fit)"", ""Performance (Policy violation, locality)"", ""Performance (Policy violation, fairness)"", ""Performance (Policy violation, balance, work conserving)"", ""Performance (Policy violation, cpufreq control)""",None,,,,,,
39a2a6eb5c9b66ea7c8055026303b3aa681b49a5,5a7f55590467,master;linux-6.12.y;linux-6.6.y;linux-6.1.y;linux-5.15.y;linux-5.10.y,linux-5.10.y,v5.10,semantic(generic wrong type integer overflow etc),Thread Behavior,Fuzz,comment,"""Performance (Policy violation, sched overhead)""",Warning,,,,,,
9e81889c7648d48dd5fe13f41cbc99f3c362484a,6d337eab041d,master;linux-6.12.y;linux-6.6.y;linux-6.1.y;linux-5.15.y,,v5.11,concurrency,"Thread Behavior, Property change (per thread)",Code Review or Internal Debug,no action,"""Functionality (cpu allowed, or cpuiso)""",None,,,,,,
3f1bc119cd7fc987c8ed25ffb717f99403bb308c,6d337eab041d,master;linux-6.12.y;linux-6.6.y;linux-6.1.y;linux-5.15.y,,v5.11,semantic(incorrect logic implementation making decision  update attr managetimer etc),"Thread Behavior, Property change (per thread)",Code Review or Internal Debug,comment,"""Performance (Policy violation, sched overhead)""",None,,,,,,
8a6edb5257e2a84720fe78cb179eca58ba76126f,6d337eab041d,master;linux-6.12.y;linux-6.6.y;linux-6.1.y;linux-5.15.y,,v5.11,semantic(incorrect logic implementation making decision  update attr managetimer etc),"Thread Behavior, Property change (per thread)",Code Review or Internal Debug,no action,Crash,Panic,,,,,,
0ae78eec8aa64e645866e75005162603a77a0f49,3b1baa6496e6,master;linux-6.12.y;linux-6.6.y;linux-6.1.y;linux-5.15.y;linux-5.10.y;linux-5.4.y,linux-5.10.y;linux-5.4.y,v4.20,semantic(incorrect logic implementation making decision  update attr managetimer etc),"Thread Behavior, Special topology (asym cpu)",Benchmark/stress test regression,no action,"""Performance (Policy violation, sched overhead)""",None,,,,,,
8c1f560c1ea3f19e22ba356f62680d9d449c9ec2,7f65ea42eb00,master;linux-6.12.y;linux-6.6.y;linux-6.1.y;linux-5.15.y;linux-5.10.y,linux-5.10.y,v4.17,semantic(incorrect update stats),Thread Behavior,Code Review or Internal Debug,tracepoint,"""Performance (Policy violation, cpufreq control)"", ""Performance (Policy violation, balance, work conserving)"", ""Performance (Policy violation, fairness)""",None,,,,,,
ae7927023243dcc7389b2d59b16c09cbbeaecc36,2558aacff858,master;linux-6.12.y;linux-6.6.y;linux-6.1.y;linux-5.15.y,,v5.11,semantic(incorrect logic implementation making decision  update attr managetimer etc),Thread Behavior,Benchmark/stress test regression,comment,"""Performance (Policy violation, sched overhead)""",None,,,,,,
d707faa64d03d26b529cc4aea59dab1b016d4d33,6d337eab041d,master;linux-6.12.y;linux-6.6.y;linux-6.1.y;linux-5.15.y,,v5.11,semantic(incorrect logic implementation making decision  update attr managetimer etc),"Thread Behavior, Property change (per thread)",Fuzz,comment,"""Functionality (cpu allowed, or cpuiso)""",None,,,,,,fuzzer
ec618b84f6e15281cc3660664d34cd0dd2f2579e,c6e7bd7afaeb,master;linux-6.12.y;linux-6.6.y;linux-6.1.y;linux-5.15.y;linux-5.10.y,,v5.8,concurrency,Thread Behavior,Benchmark/stress test regression,no action,"""Performance (Policy violation, cpufreq control)""",None,,,,,,
8e1ac4299a6e8726de42310d9c1379f188140c71,2802bf3cd936,master;linux-6.12.y;linux-6.6.y;linux-6.1.y;linux-5.15.y;linux-5.10.y;linux-5.4.y,linux-5.4.y,v5.0,semantic(incorrect update stats),Thread Behavior,Code Review or Internal Debug,no action,"""Performance (Policy violation, cpufreq control)"", ""Performance (energy efficiency, capacity fit)"", ""Performance (Policy violation, balance, work conserving)""",None,,,,,,
8d4d9c7b4333abccb3bf310d76ef7ea2edb9828f,5b9f8ff7b320,master;linux-6.12.y;linux-6.6.y;linux-6.1.y;linux-5.15.y;linux-5.10.y,,v5.10,memory,Thread Behavior,Customizied test,no action,Crash,Panic,,,,,,
b4c9c9f15649c98a5b45408919d1ff4fd7f5531c,b7a331615d25,master;linux-6.12.y;linux-6.6.y;linux-6.1.y;linux-5.15.y;linux-5.10.y,,v5.7,semantic(incorrect logic implementation making decision  update attr managetimer etc),"Thread Behavior, Special topology (asym cpu)",Code Review or Internal Debug,comment,"""Performance (Policy violation, locality)""",None,,,,,,
16b0a7a1a0af9db6e008fecd195fe4d6cb366d83,0b0695f2b34a,master;linux-6.12.y;linux-6.6.y;linux-6.1.y;linux-5.15.y;linux-5.10.y,,v5.5,semantic(incorrect logic implementation making decision  update attr managetimer etc),Thread Behavior,Benchmark/stress test regression,no action,"""Performance (Policy violation, balance, work conserving)""",None,,,,,,
d1e7c2996e988866e7ceceb4641a0886885b7889,f6ebbcf08f37,master;linux-6.12.y;linux-6.6.y;linux-6.1.y;linux-5.15.y;linux-5.10.y,,v5.9,semantic(incorrect logic implementation making decision  update attr managetimer etc),Kernel/driver Event,User reported or In-production,no action,"""Performance (Policy violation, cpufreq control)""",None,,,,,,
d8fcb81f1acf651a0e50eacecca43d0524984f87,11f10e5420f6,master;linux-6.12.y;linux-6.6.y;linux-6.1.y;linux-5.15.y,,v5.5,semantic(incorrect logic implementation making decision  update attr managetimer etc),Thread Behavior,Benchmark/stress test regression,no action,"""Performance (Policy violation, locality)""",None,,,,,,
345a957fcc95630bf5535d7668a59ed983eb49a7,1da177e4c3f4,master;linux-6.12.y;linux-6.6.y;linux-6.1.y;linux-5.15.y;linux-5.10.y;linux-5.4.y,linux-5.10.y;linux-5.4.y,v2.6.12,semantic(incorrect logic implementation making decision  update attr managetimer etc),Thread Behavior,Code Review or Internal Debug,no action,"""Performance (Policy violation, sched overhead)""",None,,,,,,
a57415f5d1e43c3a5c5d412cd85e2792d7ed9b11,332ac17ef5bf,master;linux-6.12.y;linux-6.6.y;linux-6.1.y;linux-5.15.y;linux-5.10.y;linux-5.4.y,linux-5.10.y;linux-5.4.y,v3.14,semantic(incorrect logic implementation making decision  update attr managetimer etc),"Thread Behavior, Property change (per thread), multiple sched class",Code Review or Internal Debug,comment,"Functionality (Deadline enforce / admission control), Functionality (property change fail)",None,,,,,,
a73f863af4ce9730795eab7097fb2102e6854365,765cc3a4b224e,master;linux-6.12.y;linux-6.6.y;linux-6.1.y;linux-5.15.y;linux-5.10.y;linux-5.4.y,linux-5.4.y,v4.15,semantic(incorrect logic implementation making decision  update attr managetimer etc),"special config, Thread Behavior",User reported or In-production,no action,Functionality (config / feature not enabled/disabled),None,,,,,,
233e7aca4c8a2c764f556bba9644c36154017e7f,fb86f5b211,master;linux-6.12.y;linux-6.6.y;linux-6.1.y;linux-5.15.y;linux-5.10.y,,v5.7,semantic(incorrect logic implementation making decision  update attr managetimer etc),"Thread Behavior, Special topology (numa)",Code Review or Internal Debug,no action,"""Performance (Policy violation, balance, work conserving)""",None,,,,,,
df3cb4ea1fb63ff326488efd671ba3c39034255e,10e2f1acd010,master;linux-6.12.y;linux-6.6.y;linux-6.1.y;linux-5.15.y;linux-5.10.y;linux-5.4.y,linux-5.4.y,v4.9,semantic(incorrect logic implementation making decision  update attr managetimer etc),"Thread Behavior, Property change (per system), Property change (per cgroup)",User reported or In-production,no action,"""Functionality (cpu allowed, or cpuiso)""",None,repro,,,,,
da0777d35f47892f359c3f73ea155870bb595700,1d42509e475cd,master;linux-6.12.y;linux-6.6.y;linux-6.1.y;linux-5.15.y;linux-5.10.y,,v5.6,semantic(generic wrong type integer overflow etc),"Thread Behavior, multiple sched class, Special topology (asym cpu)",Code Review or Internal Debug,no action,"""Performance (energy efficiency, capacity fit)""",None,,,,,,
a1bd06853ee478d37fae9435c5521e301de94c67,9d246053a691,master;linux-6.12.y;linux-6.6.y;linux-6.1.y;linux-5.15.y;linux-5.10.y,,v5.9,semantic(incorrect logic implementation making decision  update attr managetimer etc),Thread Behavior,Code Review or Internal Debug,no action,Functionality (Trace or account),None,,,,,,
e65855a52b479f98674998cb23b21ef5a8144b04,46609ce22703,master;linux-6.12.y;linux-6.6.y;linux-6.1.y;linux-5.15.y;linux-5.10.y;linux-5.4.y,linux-5.4.y,v5.9,concurrency,"Thread Behavior, Property change (per thread)",Customizied test,comment,lockup / hang,Panic,,,,,,
d136122f58458479fd8926020ba2937de61d7f65,dbfb089d360b,master;linux-6.12.y;linux-6.6.y;linux-6.1.y;linux-5.15.y;linux-5.10.y,,v5.8,concurrency,"Thread Behavior, Kernel/driver Event",Code Review or Internal Debug,comment,Functionality (task state change failure),None,,,,,,
46609ce227039fd192e0ecc7d940bed587fd2c78,69842cba9ace,master;linux-6.12.y;linux-6.6.y;linux-6.1.y;linux-5.15.y;linux-5.10.y;linux-5.4.y,linux-5.4.y,v5.3,semantic(generic wrong type integer overflow etc),"Thread Behavior, Property change (per thread)",Benchmark/stress test regression,no action,"""Performance (Policy violation, sched overhead)""",None,,,,,,
d81ae8aac85ca2e307d273f6dc7863a721bf054e,69842cba9ace,master;linux-6.12.y;linux-6.6.y;linux-6.1.y;linux-5.15.y;linux-5.10.y;linux-5.4.y,linux-5.4.y,v5.3,semantic(incorrect update stats),"Thread Behavior, Property change (per thread)",Code Review or Internal Debug,no action,"""Performance (energy efficiency, capacity fit)""",None,,,,,,
dbfb089d360b1cc623c51a2c7cf9b99eff78e0e7,c6e7bd7afaeb,master;linux-6.12.y;linux-6.6.y;linux-6.1.y;linux-5.15.y;linux-5.10.y,,v5.8,concurrency,Thread Behavior,User reported or In-production,comment,"""Performance (Policy violation, cpufreq control)"", ""Performance (Policy violation, balance, work conserving)""",None,,,,,,
e21cf43406a190adfcc4bfe592768066fb3aaa9b,070f5e860ee2,master;linux-6.12.y;linux-6.6.y;linux-6.1.y;linux-5.15.y;linux-5.10.y,,v5.7,semantic(incorrect update stats),Thread Behavior,Benchmark/stress test regression,no action,"""Performance (Policy violation, balance, work conserving)""",None,,,,,,
b6e13e85829f032411b896bd2f0d6cbe4b0a3c4a,c6e7bd7afaeb,master;linux-6.12.y;linux-6.6.y;linux-6.1.y;linux-5.15.y;linux-5.10.y,,v5.8,concurrency,Thread Behavior,Benchmark/stress test/standard test fail,"comment, warning, tracepoint",Crash,Panic,,,,,,
740797ce3a124b7dd22b7fb832d87bc8fba1cf6f,2d3d891d3344,master;linux-6.12.y;linux-6.6.y;linux-6.1.y;linux-5.15.y;linux-5.10.y;linux-5.4.y,linux-5.4.y,v3.14,semantic(incorrect logic implementation making decision  update attr managetimer etc),"Thread Behavior, multiple sched class",Fuzz,no action,Functionality (Deadline enforce / admission control),Warning,,,,,,
ce9bc3b27f2a21a7969b41ffb04df8cf61bd1592,2d3d891d3344,master;linux-6.12.y;linux-6.6.y;linux-6.1.y;linux-5.15.y;linux-5.10.y;linux-5.4.y,linux-5.4.y,v3.14,semantic(incorrect update stats),"Thread Behavior, multiple sched class, Property change (per thread)",Fuzz,no action,Functionality (Deadline enforce / admission control),Warning,,,,,,
9b1b234bb86bcdcdb142e900d39b599185465dbb,143e1e28cb40,master;linux-6.12.y;linux-6.6.y;linux-6.1.y;linux-5.15.y;linux-5.10.y;linux-5.4.y,linux-5.4.y,v3.16,semantic(incorrect logic implementation making decision  update attr managetimer etc),Boot,Code Review or Internal Debug,no action,"""Performance (Policy violation, balance, work conserving)""",None,,,,,,
3ea2f097b17e13a8280f1f9386c331b326a3dbef,b7031a02ec75,master;linux-6.12.y;linux-6.6.y;linux-6.1.y;linux-5.15.y;linux-5.10.y;linux-5.4.y,linux-5.4.y,v4.17,semantic(incorrect update stats),Thread Behavior,Code Review or Internal Debug,no action,"""Performance (Policy violation, balance, work conserving)""",None,,,,,,
39f23ce07b9355d05a64ae303ce20d1c4b92b957,fe61468b2cb,master;linux-6.12.y;linux-6.6.y;linux-6.1.y;linux-5.15.y;linux-5.10.y;linux-5.4.y,linux-5.4.y,v5.7,semantic(maintain in-memory data structure wrong cfs tree list etc),"Thread Behavior, Property change (per cgroup)",Code Review or Internal Debug,no action,Functionality (CFS bandwidth),None,,,,,,
b34cb07dde7c2346dec73d053ce926aeaa087303,fe61468b2cb,master;linux-6.12.y;linux-6.6.y;linux-6.1.y;linux-5.15.y;linux-5.10.y;linux-5.4.y,linux-5.4.y,v5.7,semantic(maintain in-memory data structure wrong cfs tree list etc),"Thread Behavior, Property change (per cgroup)",Code Review or Internal Debug,comment,Functionality (task state change failure),Warning,,,,,,
5a6d6a6ccb5f48ca8cf7c6d64ff83fd9c7999390,2e8e19226398,master;linux-6.12.y;linux-6.6.y;linux-6.1.y;linux-5.15.y;linux-5.10.y;linux-5.4.y,linux-5.4.y,v5.1,semantic(incorrect logic implementation making decision  update attr managetimer etc),"Thread Behavior, Property change (per cgroup)",Code Review or Internal Debug,no action,Functionality (CFS bandwidth),None,,,,,,
eaf5a92ebde5bca3bb2565616115bd6d579486cd,1a00d999971c,master;linux-6.12.y;linux-6.6.y;linux-6.1.y;linux-5.15.y;linux-5.10.y;linux-5.4.y,linux-5.4.y,v5.3,semantic(incorrect update stats),"Thread Behavior, Property change (per thread)",User reported or In-production,no action,Functionality (property change fail),None,,,,,,
26a8b12747c975b33b4a82d62e4a307e1c07f31b,c06f04c70489,master;linux-6.12.y;linux-6.6.y;linux-6.1.y;linux-5.15.y;linux-5.10.y,,v3.17,concurrency,"Thread Behavior, Property change (per cgroup)",Benchmark/stress test/standard test fail,"no action, comment",Functionality (CFS bandwidth),None,,,,,,
6c8116c914b65be5e4d6f66d69c8142eb0648c22,57abff067a08,master;linux-6.12.y;linux-6.6.y;linux-6.1.y;linux-5.15.y;linux-5.10.y,,v5.5,semantic(incorrect logic implementation making decision  update attr managetimer etc),Thread Behavior,Code Review or Internal Debug,no action,"""Performance (Policy violation, fairness)"", ""Performance (Policy violation, balance, work conserving)""",None,,,,,,
5ab297bab984310267734dfbcc8104566658ebef,6d4d22468dae,master;linux-6.12.y;linux-6.6.y;linux-6.1.y;linux-5.15.y;linux-5.10.y;linux-5.4.y,linux-5.4.y,v5.7,semantic(incorrect update stats),"Thread Behavior, Property change (per cgroup)",Code Review or Internal Debug,no action,Functionality (CFS bandwidth),None,,,,,,
6212437f0f6043e825e021e4afc5cd63e248a2b4,9f68395333ad,master;linux-6.12.y;linux-6.6.y;linux-6.1.y;linux-5.15.y;linux-5.10.y,,v5.7,semantic(incorrect update stats),"Thread Behavior, Property change (per cgroup)",Code Review or Internal Debug,no action,Functionality (CFS bandwidth),None,,,,,,
0621df315402dd7bc56f7272fae9778701289825,ff7db0bf24db,master;linux-6.12.y;linux-6.6.y;linux-6.1.y;linux-5.15.y;linux-5.10.y,,v5.7,concurrency,"Thread Behavior, Special topology (numa)",User reported or In-production,no action,"""Performance (Policy violation, balance, work conserving)"", ""Performance (Policy violation, fairness)""",Warning,,,,,,
b562d140649966d4daedd0483a8fe59ad3bb465a,2480c093130f,master;linux-6.12.y;linux-6.6.y;linux-6.1.y;linux-5.15.y;linux-5.10.y;linux-5.4.y,linux-5.4.y,v5.4,semantic(generic wrong type integer overflow etc),"Thread Behavior, Property change (per thread)",Customizied test,no action,Functionality (property change fail),None,,,,,,
dcd6dffb0a75741471297724640733fa4e958d72,69842cba9ace,master;linux-6.12.y;linux-6.6.y;linux-6.1.y;linux-5.15.y;linux-5.10.y;linux-5.4.y,linux-5.4.y,v5.3,semantic(generic wrong type integer overflow etc),"Thread Behavior, Property change (per thread)",Code Review or Internal Debug,no action,"""Performance (energy efficiency, capacity fit)""",None,,,,,,
7226017ad37a888915628e59a84a2d1e57b40707,0b60ba2dd342,master;linux-6.12.y;linux-6.6.y;linux-6.1.y;linux-5.15.y;linux-5.10.y;linux-5.4.y,linux-5.4.y,v5.4,semantic(incorrect update stats),"Thread Behavior, Property change (per cgroup)",User reported or In-production,comment,"Functionality (property change fail), ""Performance (Policy violation, cpufreq control)""",None,,,,,,